name,protein_per_100g,carbs_per_100g,fat_per_100g
Pechuga de Pollo Cocida,31,0,3.6
Huevo Entero,13,1.1,11
Queso Cottage 5%,12,3.5,5
Atún en Aceite (escurrido),26,0,8
Salmón al Horno,25,0,13
Carne Molida de Res 5%,26,0,5
Almendras,21,22,49
Aguacate,2,9,15
Clara de Huevo,11,1.3,0.2
Queso Amarillo 28%,25,0.5,28
Arroz Blanco Cocido,2.7,28,0.3
Pasta Cocida,5,25,0.9
Pan Integral,9,41,3.5
Batata Cocida,1.6,20,0.1
Avena,13,67,7
Garbanzos Cocidos,9,27,2.6
Lentejas Cocidas,9,20,0.4
Aceite de Oliva,0,0,100
Aceite de Coco,0,0,100
Mantequilla de Maní,25,20,50
